{"cameraMode":{"drawMode":0,"name":"Shaded","section":"Shading Mode"},"sceneLighting":true,"audioPlay":false,"sceneViewState":{"showFog":true,"showMaterialUpdate":false,"showSkybox":true,"showFlares":true,"showImageEffects":true,"showParticleSystems":true,"showVisualEffectGraphs":true,"m_FxEnabled":true},"in2DMode":false,"pivot":{"x":0.3288673162460327,"y":1.2453067302703858,"z":-0.040300190448760989},"rotation":{"x":-0.09138733148574829,"y":0.9027559757232666,"z":-0.23822978138923646,"w":-0.3463076651096344},"size":2.2614989280700685,"orthographic":false}